{
    "False": {
        "precision": 0.9989775337553924,
        "recall": 0.9805735811702596,
        "f1-score": 0.9896900063830377,
        "support": 72736.0
    },
    "True": {
        "precision": 0.48674173628768613,
        "recall": 0.9483368719037509,
        "f1-score": 0.643302928468555,
        "support": 1413.0
    },
    "accuracy": 0.9799592711971841,
    "macro avg": {
        "precision": 0.7428596350215393,
        "recall": 0.9644552265370052,
        "f1-score": 0.8164964674257964,
        "support": 74149.0
    },
    "weighted avg": {
        "precision": 0.9892162533359414,
        "recall": 0.9799592711971841,
        "f1-score": 0.9830891764177899,
        "support": 74149.0
    }
}