{
    "False": {
        "precision": 1.0,
        "recall": 0.9989826220853497,
        "f1-score": 0.999491052146522,
        "support": 72736.0
    },
    "True": {
        "precision": 0.9502353732347008,
        "recall": 1.0,
        "f1-score": 0.9744827586206897,
        "support": 1413.0
    },
    "accuracy": 0.9990020094674237,
    "macro avg": {
        "precision": 0.9751176866173503,
        "recall": 0.9994913110426749,
        "f1-score": 0.9869869053836058,
        "support": 74149.0
    },
    "weighted avg": {
        "precision": 0.9990516740937926,
        "recall": 0.9990020094674237,
        "f1-score": 0.9990144884875111,
        "support": 74149.0
    }
}