{
    "False": {
        "precision": 1.0,
        "recall": 0.999034896609716,
        "f1-score": 0.9995172153363001,
        "support": 104652.0
    },
    "True": {
        "precision": 0.9544018058690745,
        "recall": 1.0,
        "f1-score": 0.9766689766689767,
        "support": 2114.0
    },
    "accuracy": 0.9990540059569526,
    "macro avg": {
        "precision": 0.9772009029345372,
        "recall": 0.999517448304858,
        "f1-score": 0.9880930960026384,
        "support": 106766.0
    },
    "weighted avg": {
        "precision": 0.9990971415769742,
        "recall": 0.9990540059569526,
        "f1-score": 0.9990648131057893,
        "support": 106766.0
    }
}